BookingID,RoomID,EmployeeID,Purpose,BookingDate,StartTime,EndTime
1,9,5955,Brainstorming,15-06-2024,12:30:00,15:30:00
2,3,3113,Training,31-12-2024,09:15:00,11:15:00
3,1,8229,Training,31-10-2024,13:30:00,15:30:00
4,4,4318,Team Meeting,15-10-2024,16:45:00,18:00:00
5,9,5190,Team Meeting,29-12-2024,14:45:00,17:45:00
6,4,2412,Interview,18-12-2024,08:15:00,10:15:00
7,12,8993,Training,02-09-2024,08:15:00,11:15:00
8,7,3683,Client Call,29-06-2024,10:30:00,12:30:00
9,7,1006,Brainstorming,11-09-2024,13:45:00,16:45:00
10,3,2186,Brainstorming,18-09-2024,14:00:00,15:00:00
11,1,5476,Client Call,10-07-2024,08:30:00,11:30:00
12,6,31,Brainstorming,21-12-2024,09:00:00,11:00:00
13,6,4722,Training,22-03-2024,10:30:00,12:30:00
14,10,6396,Interview,09-09-2024,13:45:00,16:45:00
15,6,6153,Team Meeting,29-01-2024,10:45:00,11:45:00
16,7,7284,Brainstorming,11-09-2024,17:00:00,18:00:00
17,6,2526,Team Meeting,07-10-2024,17:30:00,18:00:00
18,12,5391,Presentation,17-04-2024,16:15:00,17:15:00
19,3,2520,Client Call,07-01-2025,17:15:00,18:00:00
20,12,6358,Training,21-01-2024,10:00:00,12:00:00
21,1,1875,Interview,12-06-2024,08:45:00,09:45:00
22,3,2229,Client Call,19-05-2024,14:30:00,17:30:00
23,3,7457,Client Call,14-01-2024,16:45:00,18:00:00
24,4,7736,Client Call,03-12-2024,16:45:00,18:45:00
25,3,2771,Brainstorming,09-09-2024,12:45:00,15:45:00
26,9,824,Client Call,17-03-2024,13:15:00,14:15:00
27,2,534,Presentation,02-05-2024,15:15:00,17:15:00
28,4,7992,Training,10-11-2024,10:30:00,11:30:00
29,6,4044,Interview,08-09-2024,09:45:00,12:45:00
30,7,2821,Interview,10-02-2024,11:30:00,14:30:00
31,4,6387,Presentation,12-03-2024,11:15:00,13:15:00
32,12,2956,Client Call,22-03-2024,10:30:00,12:30:00
33,9,7545,Presentation,28-04-2024,10:30:00,13:30:00
34,8,7524,Interview,04-11-2024,11:30:00,12:30:00
35,4,812,Team Meeting,13-12-2024,10:00:00,12:00:00
36,5,3467,Client Call,11-02-2024,13:30:00,14:30:00
37,3,5163,Client Call,04-06-2024,09:00:00,11:00:00
38,3,1761,Presentation,27-03-2024,10:30:00,13:30:00
39,1,8173,Interview,22-10-2024,15:30:00,18:30:00
40,11,5401,Interview,20-03-2024,10:00:00,11:00:00
41,8,5987,Brainstorming,11-08-2024,10:30:00,12:30:00
42,5,2295,Training,05-12-2024,08:15:00,10:15:00
43,12,7045,Client Call,12-10-2024,16:00:00,18:00:00
44,5,938,Presentation,10-04-2024,15:30:00,16:30:00
45,3,5925,Client Call,21-02-2024,14:30:00,15:30:00
46,5,225,Client Call,28-07-2024,16:00:00,17:00:00
47,11,6390,Client Call,10-11-2024,17:30:00,18:30:00
48,6,3393,Presentation,20-08-2024,10:45:00,12:45:00
49,5,4895,Training,05-09-2024,14:45:00,16:45:00
50,11,8568,Team Meeting,06-12-2024,12:30:00,13:30:00
51,5,8325,Client Call,03-08-2024,08:15:00,10:15:00
52,1,4043,Interview,12-08-2024,09:00:00,10:00:00
53,10,2058,Interview,24-11-2024,17:00:00,18:00:00
54,5,2694,Interview,13-12-2024,16:45:00,18:00:00
55,3,892,Client Call,19-05-2024,09:45:00,12:45:00
56,2,7371,Presentation,15-10-2024,13:00:00,14:00:00
57,4,7308,Client Call,30-03-2024,13:00:00,16:00:00
58,1,4271,Training,01-01-2025,13:15:00,14:15:00
59,4,341,Team Meeting,05-07-2024,08:15:00,09:15:00
60,3,181,Team Meeting,26-12-2024,16:00:00,18:00:00
61,9,35,Interview,17-12-2024,10:00:00,12:00:00
62,10,1673,Training,02-08-2024,17:00:00,18:00:00
63,9,2712,Presentation,20-06-2024,13:30:00,14:30:00
64,6,8995,Brainstorming,01-11-2024,17:00:00,18:00:00
65,11,3452,Interview,05-05-2024,13:45:00,16:45:00
66,2,4368,Team Meeting,08-12-2024,09:00:00,12:00:00
67,10,3372,Training,02-10-2024,10:15:00,11:15:00
68,8,6060,Presentation,06-05-2024,17:15:00,18:00:00
69,11,8336,Brainstorming,13-07-2024,09:15:00,12:15:00
70,9,4261,Brainstorming,13-07-2024,15:45:00,17:45:00
71,12,7996,Presentation,22-09-2024,13:00:00,14:00:00
72,4,2099,Brainstorming,09-11-2024,10:00:00,11:00:00
73,12,4624,Training,05-12-2024,10:00:00,11:00:00
74,5,4410,Brainstorming,20-01-2024,10:00:00,12:00:00
75,9,338,Client Call,09-06-2024,10:30:00,12:30:00
76,2,6266,Training,31-01-2024,10:45:00,13:45:00
77,7,1254,Presentation,25-11-2024,09:15:00,11:15:00
78,4,3297,Brainstorming,26-05-2024,09:30:00,12:30:00
79,10,4150,Training,07-07-2024,08:30:00,09:30:00
80,6,2628,Presentation,29-12-2024,09:30:00,10:30:00
81,11,5231,Presentation,09-06-2024,12:00:00,14:00:00
82,1,6104,Brainstorming,22-02-2024,15:15:00,18:15:00
83,7,5003,Brainstorming,18-04-2024,12:00:00,14:00:00
84,2,5928,Client Call,07-12-2024,10:45:00,12:45:00
85,12,1982,Training,26-05-2024,10:45:00,11:45:00
86,1,5377,Training,20-04-2024,12:30:00,15:30:00
87,11,5706,Interview,15-11-2024,13:15:00,14:15:00
88,9,8535,Client Call,11-12-2024,12:00:00,13:00:00
89,12,2683,Training,15-09-2024,11:45:00,14:45:00
90,3,1633,Client Call,15-01-2024,10:00:00,11:00:00
91,1,4134,Client Call,30-03-2024,09:00:00,12:00:00
92,6,2917,Client Call,29-03-2024,12:00:00,14:00:00
93,10,4464,Team Meeting,18-11-2024,12:30:00,14:30:00
94,7,8936,Training,03-12-2024,12:30:00,14:30:00
95,6,8793,Training,20-11-2024,10:30:00,11:30:00
96,7,1305,Client Call,03-11-2024,15:45:00,18:45:00
97,7,6024,Brainstorming,12-11-2024,15:15:00,18:15:00
98,2,3205,Team Meeting,09-07-2024,10:30:00,11:30:00
99,2,933,Training,16-12-2024,12:30:00,15:30:00
100,3,5324,Team Meeting,24-02-2024,10:15:00,13:15:00
101,2,8898,Interview,23-09-2024,14:15:00,17:15:00
102,6,4951,Brainstorming,16-03-2024,16:15:00,18:15:00
103,7,8842,Presentation,30-09-2024,08:00:00,11:00:00
104,2,8374,Client Call,27-01-2024,17:00:00,18:00:00
105,10,1984,Team Meeting,01-07-2024,17:00:00,18:00:00
106,12,5618,Team Meeting,09-01-2025,12:15:00,13:15:00
107,5,8339,Client Call,25-04-2024,16:00:00,18:00:00
108,11,2997,Interview,24-01-2024,12:45:00,14:45:00
109,5,839,Interview,26-06-2024,11:30:00,14:30:00
110,7,6560,Interview,16-12-2024,08:00:00,09:00:00
111,9,399,Brainstorming,27-12-2024,13:45:00,15:45:00
112,3,3460,Team Meeting,09-05-2024,15:45:00,16:45:00
113,11,6115,Team Meeting,10-11-2024,09:45:00,12:45:00
114,7,3322,Training,12-05-2024,09:00:00,12:00:00
115,8,151,Brainstorming,07-08-2024,13:00:00,16:00:00
116,2,6075,Client Call,02-06-2024,10:45:00,12:45:00
117,1,8401,Training,26-04-2024,17:15:00,18:00:00
118,7,6757,Brainstorming,26-10-2024,17:00:00,18:00:00
119,10,8788,Presentation,18-03-2024,13:00:00,16:00:00
120,4,2329,Training,14-05-2024,10:15:00,13:15:00
121,7,7675,Brainstorming,30-12-2024,17:45:00,18:00:00
122,5,7324,Client Call,27-07-2024,12:00:00,15:00:00
123,4,8747,Brainstorming,01-10-2024,11:45:00,13:45:00
124,2,2355,Training,26-11-2024,09:30:00,12:30:00
125,1,5715,Presentation,19-09-2024,08:45:00,09:45:00
126,10,172,Presentation,03-04-2024,16:45:00,18:45:00
127,12,7016,Brainstorming,26-02-2024,09:45:00,12:45:00
128,5,4085,Brainstorming,02-02-2024,15:00:00,18:00:00
129,4,4490,Presentation,24-02-2024,09:00:00,10:00:00
130,8,6826,Presentation,13-05-2024,08:30:00,11:30:00
131,9,7404,Presentation,14-07-2024,14:45:00,16:45:00
132,11,6460,Presentation,06-06-2024,09:45:00,10:45:00
133,3,5111,Team Meeting,20-10-2024,13:45:00,15:45:00
134,4,4688,Brainstorming,18-04-2024,14:30:00,17:30:00
135,2,3025,Brainstorming,01-06-2024,12:15:00,13:15:00
136,1,1288,Interview,27-10-2024,08:15:00,11:15:00
137,12,4280,Brainstorming,17-12-2024,08:45:00,11:45:00
138,5,4836,Client Call,25-09-2024,16:00:00,18:00:00
139,11,3238,Training,08-06-2024,13:00:00,16:00:00
140,10,2703,Client Call,10-07-2024,15:00:00,18:00:00
141,6,5985,Training,27-01-2024,11:15:00,13:15:00
142,2,7740,Client Call,27-10-2024,16:45:00,18:00:00
143,12,7606,Client Call,05-05-2024,12:15:00,15:15:00
144,7,5337,Interview,22-10-2024,12:00:00,15:00:00
145,3,4605,Interview,02-11-2024,14:30:00,16:30:00
146,6,8206,Client Call,21-11-2024,13:30:00,14:30:00
147,5,4894,Client Call,30-10-2024,12:30:00,14:30:00
148,3,4689,Training,22-05-2024,11:15:00,12:15:00
149,5,2755,Client Call,29-10-2024,16:45:00,18:45:00
150,7,4231,Client Call,29-09-2024,12:30:00,13:30:00
151,11,1706,Interview,18-08-2024,13:00:00,15:00:00
152,12,7700,Team Meeting,15-04-2024,10:30:00,12:30:00
153,7,3156,Team Meeting,04-07-2024,12:00:00,13:00:00
154,1,4965,Presentation,10-03-2024,15:15:00,16:15:00
155,6,131,Team Meeting,30-01-2024,08:15:00,11:15:00
156,1,2329,Brainstorming,30-07-2024,17:45:00,18:00:00
157,2,4785,Presentation,06-06-2024,09:00:00,12:00:00
158,7,2566,Brainstorming,07-10-2024,08:15:00,11:15:00
159,7,6905,Brainstorming,23-10-2024,15:30:00,17:30:00
160,7,5272,Interview,13-02-2024,12:45:00,13:45:00
161,1,4281,Presentation,02-04-2024,17:00:00,18:00:00
162,5,2897,Brainstorming,12-12-2024,10:15:00,13:15:00
163,4,1698,Presentation,15-12-2024,16:15:00,17:15:00
164,3,2219,Team Meeting,24-02-2024,09:15:00,12:15:00
165,5,8586,Client Call,20-05-2024,15:15:00,18:15:00
166,11,5059,Client Call,03-12-2024,13:00:00,16:00:00
167,2,2916,Presentation,02-04-2024,14:45:00,16:45:00
168,1,4817,Brainstorming,14-06-2024,17:15:00,18:15:00
169,12,4085,Brainstorming,02-07-2024,10:30:00,12:30:00
170,4,1366,Presentation,20-10-2024,14:45:00,16:45:00
171,1,3179,Team Meeting,02-11-2024,10:15:00,11:15:00
172,11,599,Training,01-06-2024,17:15:00,18:15:00
173,3,4669,Presentation,27-10-2024,10:30:00,11:30:00
174,5,4672,Training,08-05-2024,17:15:00,18:15:00
175,6,2533,Client Call,28-05-2024,09:30:00,12:30:00
176,3,6386,Brainstorming,20-07-2024,16:30:00,17:30:00
177,4,7121,Training,18-04-2024,11:30:00,12:30:00
178,7,8719,Client Call,25-09-2024,14:00:00,15:00:00
179,5,961,Interview,06-02-2024,14:15:00,15:15:00
180,10,3321,Team Meeting,28-09-2024,16:15:00,18:15:00
181,11,7298,Brainstorming,18-03-2024,17:15:00,18:00:00
182,12,1990,Interview,22-05-2024,16:30:00,17:30:00
183,5,5557,Team Meeting,12-08-2024,08:00:00,09:00:00
184,11,17,Training,20-10-2024,15:30:00,17:30:00
185,10,1579,Presentation,31-05-2024,11:15:00,14:15:00
186,7,5707,Interview,01-10-2024,17:30:00,18:00:00
187,5,844,Training,03-08-2024,13:45:00,15:45:00
188,8,1270,Client Call,13-04-2024,08:00:00,11:00:00
189,6,3628,Client Call,26-11-2024,11:45:00,13:45:00
190,9,2089,Client Call,13-07-2024,17:00:00,18:00:00
191,4,1999,Brainstorming,23-02-2024,15:15:00,18:15:00
192,11,5333,Brainstorming,23-06-2024,09:30:00,10:30:00
193,7,8055,Team Meeting,25-03-2024,10:15:00,13:15:00
194,5,1041,Interview,03-05-2024,12:30:00,14:30:00
195,1,8262,Presentation,06-06-2024,13:30:00,14:30:00
196,5,7880,Brainstorming,12-01-2024,12:30:00,14:30:00
197,11,6354,Interview,19-05-2024,11:15:00,13:15:00
198,10,3352,Team Meeting,16-07-2024,08:15:00,10:15:00
199,12,3182,Interview,17-08-2024,16:45:00,18:00:00
200,2,198,Interview,09-02-2024,08:45:00,11:45:00
201,3,6083,Presentation,26-11-2024,09:30:00,11:30:00
202,7,8342,Brainstorming,04-09-2024,15:30:00,18:30:00
203,4,5864,Brainstorming,23-07-2024,15:15:00,16:15:00
204,5,8310,Team Meeting,17-11-2024,15:30:00,18:30:00
205,6,7421,Client Call,06-05-2024,16:15:00,18:00:00
206,8,5753,Training,27-07-2024,12:15:00,15:15:00
207,5,5573,Client Call,07-12-2024,16:15:00,18:15:00
208,11,24,Training,28-07-2024,17:15:00,18:00:00
209,5,8895,Presentation,14-01-2024,13:00:00,15:00:00
210,5,7573,Interview,19-04-2024,13:45:00,15:45:00
211,3,5930,Team Meeting,07-04-2024,11:45:00,12:45:00
212,5,781,Brainstorming,03-07-2024,13:00:00,15:00:00
213,5,5894,Presentation,17-12-2024,11:45:00,12:45:00
214,12,4845,Interview,14-11-2024,11:45:00,13:45:00
215,12,3780,Training,06-02-2024,12:00:00,14:00:00
216,10,7897,Brainstorming,14-03-2024,17:45:00,18:45:00
217,3,1124,Brainstorming,14-09-2024,15:45:00,18:45:00
218,11,6435,Team Meeting,25-03-2024,10:45:00,13:45:00
219,7,6723,Presentation,07-09-2024,16:45:00,18:00:00
220,10,274,Brainstorming,03-09-2024,13:00:00,14:00:00
221,9,7006,Interview,14-03-2024,15:15:00,16:15:00
222,2,2266,Training,15-03-2024,08:00:00,09:00:00
223,11,4742,Brainstorming,01-06-2024,16:15:00,18:15:00
224,9,2309,Team Meeting,26-07-2024,08:00:00,11:00:00
225,12,4594,Team Meeting,31-08-2024,15:45:00,16:45:00
226,7,7663,Presentation,01-06-2024,16:45:00,18:45:00
227,8,1841,Team Meeting,24-10-2024,14:15:00,17:15:00
228,6,617,Presentation,14-03-2024,15:00:00,18:00:00
229,9,7538,Team Meeting,31-08-2024,16:45:00,17:45:00
230,4,1885,Client Call,01-01-2025,14:00:00,16:00:00
231,5,2811,Brainstorming,12-09-2024,10:15:00,12:15:00
232,5,8065,Presentation,23-03-2024,08:00:00,09:00:00
233,11,6503,Training,24-04-2024,17:30:00,18:30:00
234,11,348,Brainstorming,31-01-2024,13:30:00,15:30:00
235,4,7484,Training,27-08-2024,11:15:00,13:15:00
236,6,5428,Client Call,27-09-2024,14:00:00,15:00:00
237,8,4369,Training,19-02-2024,10:30:00,11:30:00
238,12,7321,Client Call,31-10-2024,09:00:00,10:00:00
239,11,4133,Interview,04-11-2024,17:30:00,18:00:00
240,4,3091,Interview,27-10-2024,14:15:00,15:15:00
241,11,7667,Training,18-01-2024,13:45:00,14:45:00
242,12,7607,Interview,02-12-2024,08:00:00,11:00:00
243,12,3466,Training,16-08-2024,08:15:00,09:15:00
244,1,4345,Brainstorming,21-08-2024,12:45:00,15:45:00
245,11,3610,Training,08-08-2024,08:15:00,11:15:00
246,6,2088,Presentation,20-09-2024,08:45:00,10:45:00
247,1,5582,Presentation,13-01-2024,13:30:00,14:30:00
248,7,7676,Training,11-10-2024,14:00:00,15:00:00
249,10,8801,Brainstorming,18-12-2024,11:30:00,13:30:00
250,1,5207,Team Meeting,22-12-2024,16:15:00,18:15:00
251,7,2394,Brainstorming,17-01-2024,15:15:00,16:15:00
252,12,5135,Brainstorming,29-09-2024,15:45:00,17:45:00
253,9,8890,Team Meeting,01-04-2024,15:00:00,16:00:00
254,9,2278,Interview,12-04-2024,17:15:00,18:00:00
255,6,1724,Client Call,07-12-2024,16:30:00,18:30:00
256,4,986,Brainstorming,22-10-2024,14:00:00,17:00:00
257,5,4257,Training,14-07-2024,09:30:00,11:30:00
258,8,5571,Team Meeting,24-03-2024,13:15:00,15:15:00
259,7,5911,Training,28-02-2024,14:15:00,15:15:00
260,6,6063,Interview,26-03-2024,10:45:00,13:45:00
261,1,5099,Interview,30-12-2024,08:45:00,09:45:00
262,10,8237,Client Call,13-04-2024,09:00:00,11:00:00
263,12,22,Client Call,06-11-2024,17:00:00,18:00:00
264,7,7522,Presentation,30-12-2024,13:30:00,15:30:00
265,5,7896,Team Meeting,14-05-2024,09:15:00,12:15:00
266,12,1337,Training,12-01-2024,10:45:00,12:45:00
267,11,5380,Presentation,21-01-2024,10:45:00,12:45:00
268,12,7794,Brainstorming,27-03-2024,13:45:00,16:45:00
269,8,5048,Training,29-08-2024,16:15:00,18:00:00
270,7,5434,Presentation,14-07-2024,08:00:00,10:00:00
271,9,8490,Team Meeting,23-04-2024,11:15:00,14:15:00
272,6,3627,Team Meeting,05-04-2024,09:30:00,12:30:00
273,7,846,Presentation,22-11-2024,15:45:00,17:45:00
274,9,651,Brainstorming,23-03-2024,13:30:00,16:30:00
275,11,1966,Interview,01-09-2024,13:30:00,16:30:00
276,1,824,Team Meeting,27-01-2024,17:00:00,18:00:00
277,4,1903,Presentation,19-03-2024,16:00:00,18:00:00
278,9,183,Team Meeting,17-05-2024,11:45:00,13:45:00
279,11,2251,Brainstorming,28-03-2024,17:45:00,18:00:00
280,5,896,Presentation,29-12-2024,12:30:00,14:30:00
281,2,6444,Client Call,29-05-2024,14:45:00,15:45:00
282,8,341,Training,14-07-2024,14:15:00,15:15:00
283,3,3765,Team Meeting,03-09-2024,08:15:00,11:15:00
284,3,8462,Team Meeting,13-07-2024,15:00:00,17:00:00
285,4,7502,Training,15-04-2024,16:30:00,18:00:00
286,10,2477,Interview,28-06-2024,13:45:00,14:45:00
287,1,3979,Team Meeting,14-07-2024,09:00:00,12:00:00
288,7,8113,Presentation,07-07-2024,12:45:00,14:45:00
289,7,6086,Presentation,24-03-2024,17:30:00,18:00:00
290,9,4629,Presentation,28-02-2024,09:00:00,10:00:00
291,7,3704,Client Call,15-12-2024,12:45:00,14:45:00
292,6,5570,Presentation,12-04-2024,14:00:00,16:00:00
293,2,8315,Presentation,09-09-2024,12:30:00,13:30:00
294,3,4049,Team Meeting,20-02-2024,17:00:00,18:00:00
295,9,4377,Brainstorming,20-06-2024,13:00:00,14:00:00
296,4,6701,Interview,10-02-2024,12:45:00,14:45:00
297,11,8899,Interview,15-07-2024,15:15:00,18:15:00
298,4,8006,Interview,22-09-2024,16:15:00,18:15:00
299,7,4091,Training,31-08-2024,09:15:00,10:15:00
300,6,8119,Client Call,16-04-2024,10:45:00,11:45:00
301,3,1867,Training,07-10-2024,14:15:00,16:15:00
302,2,568,Team Meeting,05-11-2024,08:15:00,10:15:00
303,5,5547,Brainstorming,02-03-2024,13:15:00,14:15:00
304,3,3057,Training,16-07-2024,16:15:00,18:15:00
305,7,2101,Training,03-06-2024,17:45:00,18:45:00
306,7,3693,Team Meeting,08-10-2024,08:15:00,09:15:00
307,6,1404,Client Call,05-02-2024,11:30:00,13:30:00
308,3,4133,Interview,17-01-2024,12:00:00,15:00:00
309,7,2693,Team Meeting,22-09-2024,08:30:00,09:30:00
310,5,2613,Training,21-09-2024,12:30:00,14:30:00
311,3,551,Training,13-08-2024,17:15:00,18:00:00
312,11,1994,Client Call,08-11-2024,12:15:00,14:15:00
313,9,8910,Training,09-12-2024,12:45:00,15:45:00
314,9,7525,Interview,20-10-2024,13:45:00,15:45:00
315,12,4129,Training,21-11-2024,09:15:00,12:15:00
316,8,7461,Interview,08-03-2024,09:15:00,10:15:00
317,9,8064,Presentation,19-05-2024,17:00:00,18:00:00
318,11,4310,Training,13-09-2024,10:00:00,13:00:00
319,10,6773,Brainstorming,21-03-2024,13:15:00,15:15:00
320,2,8102,Training,16-02-2024,08:00:00,09:00:00
321,6,8107,Team Meeting,22-02-2024,12:00:00,14:00:00
322,5,5578,Team Meeting,14-02-2024,13:45:00,16:45:00
323,5,6539,Client Call,03-10-2024,17:30:00,18:00:00
324,6,8764,Brainstorming,04-06-2024,08:30:00,10:30:00
325,11,4261,Team Meeting,25-10-2024,13:00:00,15:00:00
326,4,2096,Team Meeting,18-06-2024,13:15:00,16:15:00
327,12,6239,Client Call,15-11-2024,10:00:00,13:00:00
328,6,3521,Training,10-08-2024,12:00:00,15:00:00
329,1,4708,Brainstorming,24-05-2024,15:45:00,16:45:00
330,5,8557,Team Meeting,16-05-2024,15:45:00,16:45:00
331,8,1118,Training,08-02-2024,12:45:00,14:45:00
332,8,1063,Team Meeting,29-06-2024,12:00:00,14:00:00
333,2,1437,Training,18-06-2024,15:15:00,16:15:00
334,1,6057,Interview,18-10-2024,11:00:00,13:00:00
335,4,5294,Interview,21-08-2024,12:45:00,13:45:00
336,12,2209,Interview,31-10-2024,12:30:00,15:30:00
337,2,7222,Brainstorming,07-04-2024,12:45:00,13:45:00
338,1,8448,Client Call,25-05-2024,10:00:00,11:00:00
339,5,2517,Brainstorming,28-03-2024,11:15:00,14:15:00
340,5,5833,Interview,13-06-2024,15:00:00,18:00:00
341,5,889,Training,27-07-2024,13:30:00,15:30:00
342,1,5392,Presentation,03-05-2024,12:30:00,13:30:00
343,5,1879,Presentation,10-11-2024,14:15:00,15:15:00
344,3,5020,Team Meeting,28-08-2024,11:45:00,13:45:00
345,1,6143,Presentation,07-09-2024,16:45:00,17:45:00
346,12,3062,Team Meeting,25-04-2024,09:15:00,10:15:00
347,3,8142,Presentation,09-07-2024,09:00:00,10:00:00
348,1,1717,Training,28-04-2024,12:00:00,14:00:00
349,6,1860,Team Meeting,03-07-2024,11:00:00,13:00:00
350,1,3375,Training,22-07-2024,15:15:00,16:15:00
351,11,8858,Client Call,29-07-2024,15:00:00,16:00:00
352,7,6545,Team Meeting,22-08-2024,15:45:00,16:45:00
353,11,4279,Training,24-12-2024,16:00:00,18:00:00
354,9,8109,Training,29-03-2024,15:15:00,18:15:00
355,5,5676,Brainstorming,04-04-2024,17:15:00,18:00:00
356,12,6467,Training,03-07-2024,10:00:00,12:00:00
357,12,3412,Client Call,23-11-2024,10:30:00,12:30:00
358,3,3032,Presentation,29-08-2024,12:45:00,14:45:00
359,3,2736,Training,06-08-2024,08:30:00,09:30:00
360,1,8890,Team Meeting,17-02-2024,17:15:00,18:00:00
361,8,6198,Training,31-05-2024,10:00:00,12:00:00
362,1,1075,Training,29-10-2024,14:15:00,16:15:00
363,9,1953,Presentation,13-05-2024,13:30:00,16:30:00
364,4,3067,Training,11-05-2024,13:45:00,16:45:00
365,6,6279,Brainstorming,25-05-2024,08:45:00,09:45:00
366,7,1443,Presentation,30-04-2024,14:15:00,15:15:00
367,12,7103,Client Call,18-08-2024,09:45:00,12:45:00
368,7,5676,Brainstorming,13-07-2024,14:15:00,17:15:00
369,7,6891,Presentation,01-02-2024,16:15:00,17:15:00
370,12,6692,Brainstorming,09-08-2024,13:00:00,15:00:00
371,8,6064,Team Meeting,21-12-2024,17:00:00,18:00:00
372,2,7999,Presentation,26-08-2024,12:45:00,13:45:00
373,1,7304,Interview,11-03-2024,16:15:00,18:00:00
374,1,6398,Interview,08-04-2024,13:00:00,15:00:00
375,9,7472,Team Meeting,09-01-2025,15:45:00,18:45:00
376,3,8080,Training,04-10-2024,16:15:00,17:15:00
377,12,7059,Team Meeting,22-10-2024,17:00:00,18:00:00
378,2,7496,Brainstorming,14-06-2024,14:15:00,15:15:00
379,3,4198,Team Meeting,14-10-2024,10:00:00,12:00:00
380,7,7941,Interview,14-06-2024,10:00:00,11:00:00
381,3,244,Client Call,28-06-2024,08:15:00,11:15:00
382,8,6684,Interview,05-04-2024,14:30:00,15:30:00
383,10,5597,Team Meeting,13-06-2024,12:00:00,14:00:00
384,11,6889,Presentation,24-08-2024,11:00:00,12:00:00
385,9,1304,Team Meeting,03-02-2024,14:30:00,16:30:00
386,7,608,Presentation,25-06-2024,09:00:00,11:00:00
387,11,3981,Interview,14-01-2024,08:00:00,10:00:00
388,10,6613,Client Call,24-06-2024,12:15:00,13:15:00
389,10,4651,Interview,31-08-2024,16:15:00,18:00:00
390,5,6407,Interview,14-10-2024,08:30:00,11:30:00
391,5,2292,Training,18-08-2024,11:00:00,13:00:00
392,12,7383,Brainstorming,16-09-2024,15:00:00,18:00:00
393,1,4637,Team Meeting,31-08-2024,08:15:00,10:15:00
394,10,8129,Presentation,05-10-2024,12:15:00,13:15:00
395,8,1667,Team Meeting,01-02-2024,15:00:00,17:00:00
396,10,6474,Interview,18-03-2024,13:45:00,16:45:00
397,7,7524,Brainstorming,02-09-2024,10:45:00,11:45:00
398,10,2241,Team Meeting,16-08-2024,16:15:00,18:00:00
399,8,4189,Brainstorming,07-01-2025,12:30:00,15:30:00
400,4,3882,Interview,23-08-2024,14:30:00,15:30:00
401,6,7561,Team Meeting,26-12-2024,13:00:00,14:00:00
402,1,4998,Training,28-03-2024,11:15:00,14:15:00
403,3,4785,Brainstorming,23-06-2024,15:15:00,16:15:00
404,8,2050,Interview,04-11-2024,15:30:00,18:30:00
405,5,3811,Interview,26-08-2024,16:15:00,18:00:00
406,12,2832,Interview,04-02-2024,08:00:00,10:00:00
407,7,1898,Brainstorming,19-04-2024,14:45:00,16:45:00
408,12,599,Training,31-08-2024,10:15:00,11:15:00
409,2,8106,Team Meeting,08-06-2024,13:00:00,16:00:00
410,3,7863,Brainstorming,05-11-2024,10:45:00,11:45:00
411,10,1578,Presentation,04-09-2024,14:30:00,15:30:00
412,5,6997,Presentation,26-04-2024,08:45:00,09:45:00
413,9,5900,Training,25-03-2024,09:15:00,12:15:00
414,3,248,Team Meeting,07-03-2024,10:00:00,11:00:00
415,3,601,Team Meeting,23-09-2024,09:00:00,11:00:00
416,3,2737,Client Call,04-03-2024,11:45:00,14:45:00
417,8,4136,Team Meeting,22-07-2024,11:45:00,14:45:00
418,4,4140,Training,28-01-2024,09:00:00,12:00:00
419,3,7445,Interview,29-03-2024,15:30:00,18:30:00
420,5,243,Team Meeting,10-09-2024,12:00:00,13:00:00
421,8,8911,Interview,13-04-2024,08:15:00,10:15:00
422,1,3779,Client Call,26-06-2024,17:00:00,18:00:00
423,12,213,Team Meeting,19-03-2024,13:30:00,15:30:00
424,9,823,Presentation,27-10-2024,11:45:00,13:45:00
425,4,3248,Client Call,26-11-2024,12:45:00,15:45:00
426,10,221,Interview,02-04-2024,16:45:00,18:45:00
427,6,7661,Client Call,27-09-2024,16:30:00,18:30:00
428,2,8834,Training,09-09-2024,09:00:00,12:00:00
429,2,7477,Client Call,07-04-2024,13:00:00,15:00:00
430,10,2398,Presentation,09-01-2025,15:45:00,17:45:00
431,6,4466,Training,01-08-2024,11:15:00,14:15:00
432,2,736,Brainstorming,02-04-2024,16:15:00,18:00:00
433,6,218,Brainstorming,14-10-2024,09:15:00,12:15:00
434,4,7326,Team Meeting,27-11-2024,17:00:00,18:00:00
435,4,919,Team Meeting,13-04-2024,17:15:00,18:15:00
436,3,414,Training,14-04-2024,15:00:00,16:00:00
437,4,27,Brainstorming,29-07-2024,12:30:00,13:30:00
438,8,965,Brainstorming,29-01-2024,13:15:00,16:15:00
439,8,2317,Training,05-05-2024,10:00:00,13:00:00
440,1,2875,Presentation,09-01-2025,12:15:00,13:15:00
441,11,6672,Interview,17-01-2024,14:00:00,17:00:00
442,7,8141,Interview,26-12-2024,08:15:00,10:15:00
443,2,2250,Team Meeting,09-08-2024,15:15:00,18:15:00
444,8,6364,Training,15-01-2024,09:15:00,12:15:00
445,9,491,Client Call,26-02-2024,10:00:00,11:00:00
446,1,8969,Training,27-07-2024,11:30:00,14:30:00
447,9,4021,Presentation,29-12-2024,10:30:00,12:30:00
448,9,5879,Client Call,13-04-2024,08:15:00,11:15:00
449,6,6188,Presentation,30-10-2024,11:30:00,13:30:00
450,12,36,Presentation,20-05-2024,16:45:00,18:00:00
451,8,857,Interview,03-08-2024,10:15:00,13:15:00
452,9,6042,Brainstorming,05-08-2024,17:00:00,18:00:00
453,7,4483,Training,24-10-2024,17:15:00,18:15:00
454,1,6073,Team Meeting,05-01-2025,13:45:00,15:45:00
455,11,2142,Training,04-11-2024,15:15:00,18:15:00
456,9,4957,Training,27-03-2024,13:15:00,15:15:00
457,7,3699,Client Call,03-01-2025,16:45:00,18:00:00
458,6,59,Brainstorming,18-02-2024,17:30:00,18:00:00
459,2,1862,Presentation,27-01-2024,12:30:00,14:30:00
460,5,697,Team Meeting,06-12-2024,12:00:00,14:00:00
461,6,8559,Training,20-05-2024,08:15:00,09:15:00
462,10,225,Brainstorming,21-01-2024,17:45:00,18:00:00
463,8,49,Interview,12-04-2024,08:15:00,11:15:00
464,11,416,Client Call,11-07-2024,11:45:00,13:45:00
465,4,7026,Presentation,09-02-2024,11:00:00,12:00:00
466,11,4887,Presentation,28-01-2024,15:15:00,16:15:00
467,10,819,Interview,15-10-2024,08:15:00,11:15:00
468,6,312,Client Call,21-01-2024,13:15:00,14:15:00
469,4,7551,Team Meeting,06-06-2024,14:45:00,16:45:00
470,7,4033,Team Meeting,11-12-2024,10:45:00,13:45:00
471,4,720,Brainstorming,13-09-2024,08:45:00,09:45:00
472,12,592,Presentation,12-04-2024,17:00:00,18:00:00
473,2,887,Training,27-09-2024,13:30:00,16:30:00
474,9,4674,Brainstorming,12-10-2024,15:30:00,16:30:00
475,3,5285,Team Meeting,09-05-2024,08:15:00,10:15:00
476,6,5618,Training,17-03-2024,09:45:00,11:45:00
477,1,3700,Presentation,29-11-2024,10:00:00,12:00:00
478,9,1929,Client Call,01-05-2024,17:00:00,18:00:00
479,9,1824,Team Meeting,21-05-2024,13:00:00,14:00:00
480,3,2303,Client Call,26-05-2024,08:00:00,11:00:00
481,5,3737,Training,23-08-2024,09:15:00,12:15:00
482,11,843,Interview,18-09-2024,12:45:00,15:45:00
483,11,866,Client Call,18-09-2024,09:30:00,11:30:00
484,11,6764,Team Meeting,26-07-2024,13:45:00,15:45:00
485,2,6973,Training,20-08-2024,15:30:00,17:30:00
486,11,5835,Brainstorming,18-02-2024,13:45:00,14:45:00
487,4,816,Presentation,01-01-2025,08:15:00,10:15:00
488,1,1471,Presentation,06-06-2024,10:15:00,12:15:00
489,1,5066,Interview,09-12-2024,16:15:00,18:15:00
490,3,1522,Brainstorming,24-11-2024,16:15:00,18:15:00
491,8,7331,Client Call,27-07-2024,09:15:00,11:15:00
492,6,6224,Brainstorming,15-10-2024,15:00:00,17:00:00
493,8,536,Team Meeting,12-08-2024,10:00:00,13:00:00
494,9,8115,Client Call,05-08-2024,16:30:00,18:00:00
495,7,2711,Client Call,10-04-2024,11:00:00,12:00:00
496,11,1124,Brainstorming,11-05-2024,16:45:00,17:45:00
497,4,8025,Brainstorming,22-10-2024,10:45:00,11:45:00
498,10,548,Brainstorming,20-10-2024,14:45:00,17:45:00
499,7,1458,Brainstorming,28-02-2024,16:30:00,18:00:00
500,2,2369,Training,13-04-2024,17:45:00,18:00:00
501,10,1981,Brainstorming,14-06-2024,13:45:00,16:45:00
502,11,5191,Interview,09-05-2024,09:00:00,11:00:00
503,5,7283,Presentation,22-07-2024,12:30:00,13:30:00
504,7,673,Training,14-01-2024,15:30:00,18:30:00
505,11,532,Client Call,29-09-2024,14:30:00,17:30:00
506,10,2692,Brainstorming,03-08-2024,09:30:00,10:30:00
507,6,2857,Presentation,19-05-2024,12:00:00,14:00:00
508,8,4585,Presentation,10-08-2024,15:00:00,18:00:00
509,6,6354,Interview,14-04-2024,12:45:00,13:45:00
510,10,119,Presentation,29-02-2024,14:45:00,17:45:00
511,6,5766,Training,13-03-2024,11:00:00,14:00:00
512,4,226,Team Meeting,05-02-2024,08:00:00,09:00:00
513,3,6030,Brainstorming,09-03-2024,10:00:00,11:00:00
514,1,5383,Interview,01-04-2024,14:45:00,16:45:00
515,12,6323,Training,13-01-2024,16:30:00,18:30:00
516,7,4278,Presentation,26-10-2024,17:45:00,18:45:00
517,10,4383,Presentation,19-04-2024,17:45:00,18:00:00
518,10,552,Brainstorming,13-04-2024,15:00:00,17:00:00
519,1,5504,Interview,24-05-2024,09:30:00,10:30:00
520,1,2849,Training,21-11-2024,12:45:00,15:45:00
521,8,6757,Interview,13-06-2024,09:30:00,10:30:00
522,2,3288,Presentation,04-09-2024,16:15:00,18:15:00
523,10,4375,Team Meeting,03-11-2024,10:45:00,12:45:00
524,8,648,Team Meeting,29-10-2024,15:00:00,16:00:00
525,12,5472,Client Call,22-12-2024,08:15:00,10:15:00
526,12,8309,Client Call,12-12-2024,14:15:00,16:15:00
527,4,7657,Client Call,23-09-2024,12:00:00,15:00:00
528,9,1146,Team Meeting,20-07-2024,10:45:00,13:45:00
529,3,2994,Interview,09-12-2024,14:45:00,17:45:00
530,9,3654,Interview,16-09-2024,15:30:00,17:30:00
531,5,4828,Training,16-04-2024,17:45:00,18:00:00
532,10,8784,Brainstorming,06-05-2024,10:00:00,12:00:00
533,5,4114,Interview,14-01-2024,13:15:00,16:15:00
534,1,1457,Client Call,28-09-2024,12:00:00,13:00:00
535,7,1446,Client Call,11-07-2024,13:45:00,15:45:00
536,10,8033,Interview,05-10-2024,16:45:00,18:45:00
537,11,8189,Brainstorming,14-03-2024,10:00:00,13:00:00
538,7,3986,Team Meeting,11-01-2024,14:45:00,17:45:00
539,12,3798,Interview,17-12-2024,13:15:00,15:15:00
540,12,753,Team Meeting,11-08-2024,17:15:00,18:00:00
541,5,8125,Training,21-05-2024,11:00:00,12:00:00
542,9,180,Team Meeting,17-11-2024,08:45:00,11:45:00
543,5,1553,Brainstorming,25-06-2024,17:45:00,18:45:00
544,10,1721,Client Call,29-05-2024,08:30:00,10:30:00
545,4,859,Training,24-04-2024,08:15:00,11:15:00
546,5,6718,Client Call,21-12-2024,08:00:00,11:00:00
547,6,7218,Presentation,27-11-2024,12:30:00,14:30:00
548,11,3583,Team Meeting,18-06-2024,12:45:00,15:45:00
549,12,1426,Brainstorming,29-08-2024,12:45:00,14:45:00
550,6,5075,Brainstorming,27-05-2024,12:30:00,13:30:00
551,12,2196,Presentation,11-01-2024,17:45:00,18:45:00
552,1,843,Client Call,13-06-2024,17:30:00,18:30:00
553,7,5691,Presentation,06-01-2025,09:00:00,12:00:00
554,7,1077,Interview,30-12-2024,09:00:00,12:00:00
555,8,4972,Interview,07-12-2024,08:00:00,10:00:00
556,10,3671,Team Meeting,09-06-2024,14:15:00,15:15:00
557,10,1122,Brainstorming,26-12-2024,12:30:00,14:30:00
558,8,2156,Client Call,23-10-2024,08:15:00,09:15:00
559,9,8450,Team Meeting,14-01-2024,16:45:00,18:45:00
560,11,5543,Team Meeting,16-01-2024,10:30:00,11:30:00
561,8,7907,Presentation,07-09-2024,16:30:00,18:30:00
562,10,4384,Brainstorming,02-11-2024,11:15:00,14:15:00
563,1,476,Interview,29-09-2024,17:30:00,18:30:00
564,1,495,Interview,30-06-2024,13:30:00,14:30:00
565,6,3996,Interview,29-09-2024,11:45:00,14:45:00
566,7,480,Presentation,12-08-2024,13:00:00,15:00:00
567,3,3538,Interview,04-10-2024,14:15:00,17:15:00
568,9,4683,Brainstorming,06-07-2024,10:45:00,11:45:00
569,1,8028,Training,14-10-2024,15:30:00,16:30:00
570,7,3327,Team Meeting,27-06-2024,12:45:00,13:45:00
571,9,922,Presentation,05-08-2024,17:00:00,18:00:00
572,1,2113,Presentation,01-05-2024,12:45:00,13:45:00
573,5,43,Training,09-11-2024,11:00:00,14:00:00
574,5,2886,Team Meeting,19-06-2024,13:00:00,16:00:00
575,6,2880,Client Call,05-08-2024,15:30:00,16:30:00
576,10,959,Interview,29-08-2024,09:45:00,11:45:00
577,7,5139,Training,16-05-2024,16:15:00,18:00:00
578,1,5271,Presentation,11-03-2024,13:15:00,15:15:00
579,11,4123,Interview,22-06-2024,17:15:00,18:15:00
580,9,6094,Training,22-11-2024,16:30:00,18:00:00
581,8,5981,Presentation,14-10-2024,11:30:00,14:30:00
582,2,8822,Team Meeting,20-05-2024,15:00:00,18:00:00
583,7,8175,Brainstorming,17-08-2024,08:00:00,09:00:00
584,8,5911,Client Call,18-11-2024,17:15:00,18:00:00
585,3,1756,Training,01-05-2024,17:30:00,18:00:00
586,11,5810,Interview,01-12-2024,10:30:00,12:30:00
587,12,8180,Training,31-05-2024,09:15:00,12:15:00
588,2,9000,Client Call,09-06-2024,16:00:00,17:00:00
589,10,696,Client Call,10-12-2024,13:30:00,14:30:00
590,11,6751,Training,19-12-2024,14:15:00,15:15:00
591,11,1874,Brainstorming,06-02-2024,16:00:00,18:00:00
592,5,2072,Training,12-08-2024,11:45:00,14:45:00
593,11,1809,Client Call,27-03-2024,16:15:00,17:15:00
594,7,5601,Team Meeting,07-04-2024,10:45:00,11:45:00
595,1,6131,Brainstorming,04-06-2024,08:45:00,09:45:00
596,7,6519,Client Call,24-01-2024,11:15:00,14:15:00
597,10,6301,Presentation,22-05-2024,08:30:00,09:30:00
598,2,7875,Team Meeting,18-04-2024,14:15:00,16:15:00
599,9,4796,Client Call,04-01-2025,10:45:00,11:45:00
600,8,7158,Client Call,04-10-2024,13:15:00,15:15:00
601,2,2249,Training,17-01-2024,11:45:00,14:45:00
602,3,1613,Brainstorming,29-05-2024,12:00:00,14:00:00
603,6,983,Presentation,23-08-2024,14:30:00,15:30:00
604,9,7395,Client Call,23-01-2024,15:15:00,17:15:00
605,7,5645,Interview,25-05-2024,14:00:00,17:00:00
606,7,1702,Team Meeting,14-04-2024,10:30:00,13:30:00
607,8,4438,Client Call,18-01-2024,09:00:00,10:00:00
608,10,5264,Brainstorming,21-10-2024,14:30:00,16:30:00
609,6,5824,Training,14-01-2024,10:15:00,13:15:00
610,5,780,Team Meeting,14-09-2024,08:30:00,09:30:00
611,2,4255,Presentation,06-07-2024,10:15:00,11:15:00
612,12,1601,Team Meeting,27-08-2024,16:45:00,18:45:00
613,5,1800,Client Call,08-07-2024,15:30:00,16:30:00
614,5,4272,Client Call,20-03-2024,17:30:00,18:30:00
615,8,6323,Interview,29-08-2024,11:00:00,13:00:00
616,8,631,Interview,24-12-2024,11:30:00,12:30:00
617,12,828,Presentation,26-12-2024,16:15:00,17:15:00
618,10,6937,Presentation,15-10-2024,17:15:00,18:00:00
619,3,787,Brainstorming,13-12-2024,16:00:00,18:00:00
620,11,2380,Interview,24-06-2024,08:45:00,10:45:00
621,10,5388,Training,05-09-2024,08:15:00,11:15:00
622,2,5268,Training,28-08-2024,11:00:00,14:00:00
623,5,130,Interview,21-09-2024,13:45:00,14:45:00
624,8,7774,Brainstorming,08-09-2024,17:00:00,18:00:00
625,8,7296,Team Meeting,13-08-2024,11:45:00,13:45:00
626,1,3220,Training,04-09-2024,11:30:00,12:30:00
627,12,3648,Presentation,17-10-2024,16:00:00,18:00:00
628,8,2439,Training,21-03-2024,15:15:00,16:15:00
629,1,8012,Team Meeting,15-09-2024,11:45:00,13:45:00
630,8,5872,Presentation,10-05-2024,17:15:00,18:00:00
631,7,8890,Interview,09-10-2024,14:15:00,15:15:00
632,9,7114,Team Meeting,29-01-2024,11:00:00,12:00:00
633,7,7785,Brainstorming,10-08-2024,09:45:00,10:45:00
634,9,1477,Client Call,25-08-2024,08:45:00,11:45:00
635,1,2009,Brainstorming,25-07-2024,13:30:00,15:30:00
636,4,4276,Team Meeting,07-03-2024,16:30:00,18:00:00
637,1,1757,Training,16-04-2024,16:45:00,18:00:00
638,7,4353,Interview,10-11-2024,09:15:00,11:15:00
639,11,4503,Team Meeting,27-10-2024,08:45:00,09:45:00
640,9,1236,Interview,12-03-2024,17:15:00,18:00:00
641,6,7002,Team Meeting,23-09-2024,12:45:00,14:45:00
642,3,4997,Training,11-05-2024,10:00:00,13:00:00
643,2,183,Training,03-07-2024,15:30:00,18:30:00
644,1,554,Brainstorming,27-03-2024,12:15:00,15:15:00
645,4,8795,Client Call,04-07-2024,16:00:00,18:00:00
646,10,6804,Client Call,12-01-2024,15:15:00,18:15:00
647,6,5155,Interview,09-10-2024,10:45:00,12:45:00
648,9,8257,Brainstorming,29-04-2024,10:15:00,12:15:00
649,10,2699,Presentation,28-05-2024,15:45:00,16:45:00
650,7,6044,Interview,09-08-2024,15:45:00,18:45:00
651,4,8421,Presentation,18-10-2024,09:30:00,10:30:00
652,12,5108,Presentation,03-04-2024,16:45:00,18:00:00
653,2,7723,Client Call,28-11-2024,13:00:00,16:00:00
654,4,2317,Team Meeting,13-12-2024,11:30:00,14:30:00
655,3,5796,Team Meeting,14-03-2024,12:15:00,14:15:00
656,3,848,Team Meeting,18-07-2024,13:15:00,14:15:00
657,2,1796,Interview,18-09-2024,11:15:00,13:15:00
658,10,5130,Brainstorming,21-07-2024,15:45:00,16:45:00
659,6,1056,Presentation,07-07-2024,14:00:00,16:00:00
660,10,548,Training,28-01-2024,08:15:00,10:15:00
661,10,5704,Client Call,21-05-2024,12:30:00,14:30:00
662,3,2807,Client Call,27-10-2024,08:00:00,09:00:00
663,7,4794,Brainstorming,14-09-2024,08:00:00,09:00:00
664,11,5345,Client Call,03-07-2024,09:00:00,10:00:00
665,5,6190,Interview,13-03-2024,09:30:00,10:30:00
666,2,2328,Training,09-05-2024,10:45:00,12:45:00
667,5,512,Training,03-09-2024,13:15:00,14:15:00
668,1,3582,Training,28-02-2024,15:30:00,16:30:00
669,12,702,Interview,23-03-2024,15:15:00,17:15:00
670,10,7066,Brainstorming,07-02-2024,10:30:00,11:30:00
671,9,1888,Training,17-06-2024,08:15:00,11:15:00
672,2,8469,Brainstorming,31-12-2024,16:30:00,17:30:00
673,9,954,Client Call,26-11-2024,15:15:00,17:15:00
674,7,2682,Training,08-07-2024,15:00:00,18:00:00
675,5,490,Team Meeting,20-06-2024,13:15:00,15:15:00
676,9,5772,Client Call,15-08-2024,17:45:00,18:00:00
677,12,2754,Presentation,01-06-2024,11:30:00,12:30:00
678,9,2104,Interview,07-09-2024,11:00:00,14:00:00
679,9,6451,Interview,23-05-2024,15:45:00,18:45:00
680,10,2565,Team Meeting,18-01-2024,08:45:00,11:45:00
681,9,7042,Training,20-01-2024,16:30:00,18:30:00
682,12,5779,Interview,30-11-2024,14:30:00,17:30:00
683,11,3438,Presentation,21-08-2024,08:00:00,11:00:00
684,10,1410,Presentation,01-09-2024,13:15:00,15:15:00
685,8,6283,Brainstorming,15-05-2024,14:00:00,15:00:00
686,3,170,Interview,15-02-2024,08:45:00,11:45:00
687,6,1422,Training,13-09-2024,16:00:00,17:00:00
688,1,3613,Interview,06-05-2024,14:15:00,16:15:00
689,1,7558,Team Meeting,19-09-2024,16:45:00,18:45:00
690,6,2144,Interview,28-02-2024,14:45:00,15:45:00
691,8,4529,Presentation,19-09-2024,14:15:00,16:15:00
692,4,7184,Team Meeting,21-09-2024,10:30:00,12:30:00
693,3,4538,Brainstorming,12-01-2024,16:15:00,18:15:00
694,9,6401,Interview,04-09-2024,09:00:00,12:00:00
695,8,6739,Presentation,15-03-2024,16:45:00,17:45:00
696,12,7485,Team Meeting,27-06-2024,10:00:00,13:00:00
697,1,1198,Team Meeting,16-07-2024,17:15:00,18:15:00
698,10,6603,Team Meeting,19-06-2024,13:30:00,14:30:00
699,8,8800,Team Meeting,14-04-2024,11:30:00,13:30:00
700,10,5345,Client Call,10-11-2024,08:00:00,10:00:00
701,10,5279,Team Meeting,08-11-2024,14:15:00,16:15:00
702,5,522,Presentation,21-06-2024,14:15:00,16:15:00
703,10,7421,Presentation,05-02-2024,09:00:00,12:00:00
704,10,4096,Interview,01-08-2024,11:15:00,14:15:00
705,12,258,Interview,26-01-2024,13:15:00,16:15:00
706,4,3581,Team Meeting,08-04-2024,17:15:00,18:00:00
707,3,5438,Presentation,10-07-2024,11:30:00,12:30:00
708,2,8411,Brainstorming,03-05-2024,16:15:00,18:00:00
709,12,25,Brainstorming,02-07-2024,09:45:00,12:45:00
710,11,6030,Training,05-01-2025,15:00:00,18:00:00
711,9,8495,Team Meeting,29-05-2024,14:00:00,17:00:00
712,4,3446,Brainstorming,08-12-2024,09:15:00,12:15:00
713,8,6563,Presentation,31-12-2024,17:45:00,18:45:00
714,5,7989,Brainstorming,23-01-2024,08:30:00,11:30:00
715,11,6720,Team Meeting,31-10-2024,10:15:00,13:15:00
716,8,4358,Brainstorming,28-06-2024,12:15:00,15:15:00
717,8,6645,Interview,06-07-2024,13:15:00,14:15:00
718,6,3593,Brainstorming,25-10-2024,13:45:00,14:45:00
719,3,5428,Client Call,17-04-2024,08:15:00,09:15:00
720,12,4424,Presentation,24-07-2024,11:45:00,14:45:00
721,10,50,Training,21-09-2024,15:30:00,18:30:00
722,3,981,Team Meeting,04-10-2024,16:00:00,17:00:00
723,6,3410,Presentation,22-12-2024,17:45:00,18:00:00
724,5,6369,Brainstorming,11-04-2024,10:00:00,13:00:00
725,4,945,Team Meeting,12-04-2024,09:30:00,10:30:00
726,4,8611,Brainstorming,13-04-2024,08:00:00,09:00:00
727,10,4725,Client Call,22-09-2024,09:15:00,12:15:00
728,4,7525,Presentation,10-04-2024,08:15:00,10:15:00
729,1,3780,Presentation,09-01-2025,17:15:00,18:00:00
730,8,7651,Client Call,26-06-2024,15:30:00,17:30:00
731,3,1722,Training,06-06-2024,09:15:00,12:15:00
732,2,4604,Interview,12-11-2024,10:00:00,13:00:00
733,10,8077,Interview,14-02-2024,11:45:00,12:45:00
734,10,8359,Team Meeting,14-10-2024,09:30:00,10:30:00
735,12,5010,Client Call,24-03-2024,08:30:00,10:30:00
736,9,7558,Client Call,21-05-2024,09:45:00,11:45:00
737,7,6572,Presentation,28-03-2024,12:45:00,15:45:00
738,2,4335,Presentation,07-02-2024,15:15:00,18:15:00
739,6,7691,Training,27-03-2024,08:30:00,09:30:00
740,2,3265,Brainstorming,04-06-2024,10:45:00,13:45:00
741,12,7755,Team Meeting,13-08-2024,10:00:00,13:00:00
742,8,5672,Presentation,04-03-2024,14:45:00,17:45:00
743,9,6469,Interview,13-03-2024,14:45:00,15:45:00
744,6,8962,Interview,08-05-2024,16:45:00,18:00:00
745,12,5970,Brainstorming,27-02-2024,08:15:00,09:15:00
746,10,8642,Client Call,20-01-2024,14:15:00,16:15:00
747,6,911,Presentation,28-09-2024,12:00:00,15:00:00
748,10,2913,Team Meeting,08-10-2024,14:45:00,15:45:00
749,12,4019,Training,04-11-2024,09:00:00,11:00:00
750,8,296,Team Meeting,27-01-2024,08:30:00,09:30:00
751,3,7226,Team Meeting,03-08-2024,14:45:00,16:45:00
752,12,6879,Client Call,22-02-2024,08:00:00,09:00:00
753,11,5742,Training,26-08-2024,15:15:00,16:15:00
754,10,6154,Client Call,25-02-2024,12:00:00,15:00:00
755,1,6902,Client Call,22-09-2024,13:00:00,15:00:00
756,7,2662,Presentation,15-03-2024,16:00:00,18:00:00
757,9,2209,Interview,19-03-2024,16:45:00,17:45:00
758,5,2262,Brainstorming,20-06-2024,12:30:00,13:30:00
759,2,8227,Brainstorming,13-05-2024,10:45:00,11:45:00
760,5,4185,Client Call,29-04-2024,10:00:00,12:00:00
761,2,4207,Interview,07-05-2024,16:15:00,18:00:00
762,6,2753,Client Call,04-09-2024,12:00:00,15:00:00
763,2,3610,Presentation,10-07-2024,13:45:00,14:45:00
764,9,1224,Brainstorming,21-04-2024,16:30:00,18:30:00
765,9,7238,Presentation,29-09-2024,17:15:00,18:00:00
766,6,974,Team Meeting,19-08-2024,14:00:00,16:00:00
767,11,2658,Client Call,07-03-2024,09:00:00,11:00:00
768,12,408,Presentation,30-12-2024,17:00:00,18:00:00
769,3,1671,Client Call,22-09-2024,11:45:00,13:45:00
770,6,6700,Interview,02-07-2024,08:15:00,10:15:00
771,7,7225,Training,08-05-2024,13:00:00,15:00:00
772,3,7300,Team Meeting,20-09-2024,16:45:00,18:00:00
773,2,3714,Client Call,04-10-2024,15:00:00,17:00:00
774,9,2734,Interview,05-11-2024,17:15:00,18:00:00
775,9,2169,Team Meeting,08-02-2024,13:15:00,16:15:00
776,7,5509,Presentation,27-05-2024,15:15:00,17:15:00
777,2,8553,Training,24-08-2024,17:45:00,18:00:00
778,8,591,Interview,28-08-2024,09:15:00,12:15:00
779,5,850,Team Meeting,25-11-2024,08:15:00,10:15:00
780,12,5009,Client Call,01-08-2024,10:45:00,12:45:00
781,2,5262,Brainstorming,25-04-2024,11:30:00,14:30:00
782,4,5222,Presentation,03-07-2024,10:30:00,12:30:00
783,1,1302,Presentation,05-01-2025,10:30:00,13:30:00
784,1,1585,Team Meeting,11-07-2024,11:45:00,12:45:00
785,12,8397,Client Call,05-10-2024,17:45:00,18:00:00
786,9,3959,Interview,11-01-2024,13:45:00,15:45:00
787,5,3130,Interview,08-04-2024,17:00:00,18:00:00
788,3,7954,Presentation,09-07-2024,14:45:00,17:45:00
789,3,3136,Client Call,21-05-2024,16:15:00,18:00:00
790,10,7823,Team Meeting,30-05-2024,17:45:00,18:45:00
791,12,1308,Presentation,21-05-2024,15:00:00,16:00:00
792,5,8250,Interview,28-07-2024,11:30:00,14:30:00
793,6,5561,Interview,11-10-2024,14:00:00,17:00:00
794,11,7930,Training,24-01-2024,12:30:00,14:30:00
795,6,2605,Presentation,25-12-2024,16:15:00,17:15:00
796,9,894,Presentation,08-12-2024,14:45:00,16:45:00
797,9,7302,Training,22-05-2024,14:00:00,15:00:00
798,2,7236,Client Call,07-10-2024,15:00:00,17:00:00
799,5,2628,Brainstorming,17-05-2024,16:45:00,17:45:00
800,2,1643,Interview,20-06-2024,08:15:00,11:15:00
801,8,1428,Brainstorming,05-04-2024,09:30:00,12:30:00
802,9,8774,Client Call,03-09-2024,10:00:00,12:00:00
803,11,4594,Presentation,25-07-2024,10:00:00,13:00:00
804,10,7763,Client Call,23-01-2024,13:00:00,14:00:00
805,12,6782,Presentation,23-05-2024,13:45:00,15:45:00
806,8,7075,Interview,24-05-2024,12:30:00,15:30:00
807,6,8366,Training,27-03-2024,11:15:00,13:15:00
808,5,63,Client Call,12-03-2024,10:45:00,12:45:00
809,5,8059,Team Meeting,29-12-2024,16:45:00,18:45:00
810,7,8173,Interview,13-01-2024,09:30:00,12:30:00
811,5,7111,Presentation,05-11-2024,09:00:00,12:00:00
812,2,4894,Training,16-04-2024,13:00:00,16:00:00
813,8,4600,Interview,24-04-2024,13:15:00,14:15:00
814,8,108,Brainstorming,16-10-2024,16:15:00,17:15:00
815,11,8987,Team Meeting,31-07-2024,12:30:00,15:30:00
816,11,3917,Interview,12-09-2024,15:15:00,17:15:00
817,3,5744,Presentation,26-12-2024,11:45:00,13:45:00
818,1,2891,Client Call,21-04-2024,08:45:00,09:45:00
819,11,6595,Interview,08-05-2024,15:00:00,17:00:00
820,5,6955,Presentation,16-07-2024,09:00:00,12:00:00
821,1,6810,Training,16-02-2024,09:45:00,10:45:00
822,4,2288,Training,01-07-2024,09:30:00,12:30:00
823,11,7329,Presentation,21-07-2024,12:30:00,14:30:00
824,12,7334,Presentation,17-04-2024,12:15:00,13:15:00
825,8,4653,Team Meeting,17-02-2024,11:30:00,12:30:00
826,8,1571,Brainstorming,19-07-2024,15:00:00,18:00:00
827,5,3072,Client Call,25-07-2024,11:15:00,14:15:00
828,11,2437,Presentation,21-01-2024,14:45:00,17:45:00
829,12,4595,Presentation,11-10-2024,10:45:00,12:45:00
830,7,8949,Client Call,18-11-2024,11:15:00,13:15:00
831,10,7407,Presentation,12-03-2024,10:15:00,13:15:00
832,3,2100,Interview,18-03-2024,12:15:00,15:15:00
833,9,5291,Presentation,26-03-2024,15:15:00,18:15:00
834,6,5598,Training,05-06-2024,14:00:00,16:00:00
835,11,7148,Team Meeting,01-02-2024,15:15:00,16:15:00
836,5,463,Brainstorming,07-12-2024,12:00:00,15:00:00
837,9,7144,Interview,03-02-2024,11:00:00,14:00:00
838,11,5487,Training,02-09-2024,10:30:00,11:30:00
839,8,1280,Training,30-07-2024,16:00:00,18:00:00
840,3,8581,Client Call,24-11-2024,14:45:00,15:45:00
841,10,3872,Brainstorming,12-09-2024,12:45:00,13:45:00
842,1,3512,Training,28-08-2024,10:15:00,11:15:00
843,11,6429,Training,03-12-2024,09:15:00,11:15:00
844,10,3559,Interview,24-07-2024,08:45:00,09:45:00
845,5,3476,Client Call,26-11-2024,12:00:00,13:00:00
846,8,8888,Interview,10-05-2024,11:00:00,14:00:00
847,7,5767,Team Meeting,21-03-2024,10:30:00,12:30:00
848,3,4085,Team Meeting,15-04-2024,14:15:00,15:15:00
849,6,5442,Training,23-07-2024,14:45:00,17:45:00
850,8,4896,Brainstorming,02-05-2024,13:45:00,16:45:00
851,3,1002,Client Call,18-02-2024,15:00:00,18:00:00
852,7,5212,Interview,30-12-2024,13:45:00,14:45:00
853,12,1901,Presentation,03-08-2024,15:45:00,16:45:00
854,12,5857,Brainstorming,21-08-2024,10:00:00,12:00:00
855,2,4497,Training,23-02-2024,08:15:00,11:15:00
856,12,4147,Brainstorming,31-01-2024,08:00:00,11:00:00
857,9,925,Client Call,25-05-2024,12:30:00,14:30:00
858,5,4152,Client Call,30-04-2024,15:00:00,16:00:00
859,8,7871,Client Call,21-05-2024,17:00:00,18:00:00
860,10,321,Presentation,28-07-2024,10:00:00,12:00:00
861,10,1878,Team Meeting,15-09-2024,16:00:00,17:00:00
862,5,4880,Brainstorming,13-04-2024,17:15:00,18:15:00
863,5,5166,Client Call,16-10-2024,14:15:00,15:15:00
864,3,2986,Brainstorming,29-04-2024,10:00:00,12:00:00
865,4,2881,Interview,26-05-2024,15:00:00,17:00:00
866,4,290,Interview,03-06-2024,11:30:00,13:30:00
867,4,1507,Training,11-01-2024,08:00:00,09:00:00
868,6,3288,Team Meeting,01-03-2024,08:30:00,10:30:00
869,12,6603,Brainstorming,23-07-2024,09:30:00,11:30:00
870,8,7366,Interview,31-03-2024,12:30:00,15:30:00
871,6,5792,Team Meeting,28-02-2024,10:00:00,12:00:00
872,2,4955,Presentation,31-08-2024,15:00:00,17:00:00
873,10,6707,Client Call,22-09-2024,16:15:00,18:00:00
874,2,4720,Brainstorming,17-02-2024,11:45:00,12:45:00
875,7,4463,Brainstorming,01-11-2024,10:00:00,13:00:00
876,4,6305,Brainstorming,14-06-2024,16:30:00,17:30:00
877,8,8688,Team Meeting,20-05-2024,17:00:00,18:00:00
878,5,7123,Team Meeting,07-07-2024,16:15:00,18:00:00
879,1,3261,Training,10-10-2024,13:15:00,16:15:00
880,7,7007,Presentation,04-07-2024,17:45:00,18:45:00
881,10,2717,Presentation,27-03-2024,14:00:00,16:00:00
882,1,6029,Interview,04-11-2024,10:00:00,11:00:00
883,11,5067,Training,06-07-2024,11:15:00,14:15:00
884,5,2459,Client Call,02-10-2024,14:30:00,15:30:00
885,11,5768,Client Call,05-07-2024,08:15:00,10:15:00
886,12,3073,Interview,28-06-2024,08:15:00,11:15:00
887,10,7926,Training,10-12-2024,10:30:00,11:30:00
888,7,1263,Training,19-01-2024,12:00:00,15:00:00
889,5,5687,Team Meeting,12-03-2024,11:00:00,13:00:00
890,11,4,Team Meeting,21-10-2024,14:45:00,15:45:00
891,6,5041,Brainstorming,14-02-2024,16:45:00,18:00:00
892,10,7354,Brainstorming,21-01-2024,16:00:00,18:00:00
893,10,6847,Training,04-08-2024,14:15:00,15:15:00
894,9,8231,Training,08-06-2024,08:15:00,10:15:00
895,12,4705,Team Meeting,03-12-2024,10:30:00,12:30:00
896,5,8814,Presentation,03-05-2024,17:30:00,18:00:00
897,2,1486,Interview,31-01-2024,17:45:00,18:00:00
898,8,20,Interview,05-08-2024,10:00:00,12:00:00
899,3,7260,Presentation,07-12-2024,12:15:00,14:15:00
900,4,1050,Training,02-11-2024,13:00:00,14:00:00
901,1,559,Brainstorming,09-09-2024,10:00:00,11:00:00
902,12,7181,Training,13-08-2024,10:15:00,13:15:00
903,4,6884,Presentation,02-07-2024,09:45:00,10:45:00
904,12,7083,Client Call,05-11-2024,15:15:00,17:15:00
905,3,4555,Client Call,12-11-2024,11:00:00,13:00:00
906,1,8953,Interview,15-08-2024,14:15:00,15:15:00
907,3,4110,Team Meeting,17-08-2024,11:45:00,13:45:00
908,11,1390,Client Call,20-02-2024,08:00:00,09:00:00
909,6,7465,Brainstorming,23-01-2024,12:15:00,13:15:00
910,11,2440,Team Meeting,11-11-2024,11:00:00,13:00:00
911,6,1402,Brainstorming,06-04-2024,13:30:00,16:30:00
912,9,3865,Presentation,29-03-2024,10:00:00,11:00:00
913,5,7129,Team Meeting,22-08-2024,08:00:00,09:00:00
914,9,1906,Brainstorming,23-08-2024,13:15:00,14:15:00
915,5,5685,Training,11-06-2024,08:45:00,10:45:00
916,12,4404,Interview,12-01-2024,09:45:00,12:45:00
917,3,2187,Brainstorming,25-01-2024,09:45:00,12:45:00
918,11,3212,Training,23-07-2024,10:45:00,13:45:00
919,10,1312,Training,27-05-2024,10:15:00,13:15:00
920,5,3437,Interview,09-11-2024,11:30:00,12:30:00
921,2,5389,Team Meeting,21-06-2024,15:45:00,16:45:00
922,11,4852,Training,26-05-2024,09:45:00,12:45:00
923,6,6793,Training,05-04-2024,12:30:00,13:30:00
924,9,4390,Brainstorming,06-03-2024,11:45:00,14:45:00
925,10,8619,Client Call,27-07-2024,09:15:00,11:15:00
926,3,901,Client Call,27-05-2024,13:30:00,16:30:00
927,5,5731,Brainstorming,09-12-2024,11:30:00,14:30:00
928,4,205,Team Meeting,05-01-2025,13:45:00,16:45:00
929,7,6459,Brainstorming,07-02-2024,15:00:00,16:00:00
930,9,301,Team Meeting,21-08-2024,08:30:00,11:30:00
931,11,2296,Training,11-10-2024,14:30:00,15:30:00
932,9,2756,Training,18-10-2024,13:00:00,15:00:00
933,10,1031,Team Meeting,11-01-2024,14:30:00,17:30:00
934,10,1828,Training,23-11-2024,09:30:00,12:30:00
935,10,6170,Training,11-05-2024,13:00:00,14:00:00
936,9,2959,Team Meeting,03-11-2024,12:45:00,15:45:00
937,6,5364,Brainstorming,27-02-2024,14:00:00,16:00:00
938,2,5379,Brainstorming,03-01-2025,09:30:00,12:30:00
939,8,6085,Presentation,12-04-2024,10:30:00,12:30:00
940,5,5618,Interview,06-04-2024,09:45:00,10:45:00
941,2,1330,Training,21-04-2024,17:45:00,18:45:00
942,2,8176,Presentation,28-02-2024,11:30:00,14:30:00
943,4,7402,Team Meeting,05-06-2024,15:30:00,18:30:00
944,6,1527,Brainstorming,19-07-2024,14:00:00,17:00:00
945,2,2350,Brainstorming,31-01-2024,17:00:00,18:00:00
946,3,3399,Client Call,20-01-2024,14:00:00,16:00:00
947,5,5743,Team Meeting,15-02-2024,13:15:00,14:15:00
948,12,3661,Brainstorming,18-01-2024,13:45:00,14:45:00
949,11,5128,Brainstorming,17-01-2024,15:30:00,17:30:00
950,9,254,Presentation,09-09-2024,08:15:00,11:15:00
951,11,6001,Interview,15-08-2024,08:30:00,11:30:00
952,2,3806,Team Meeting,09-07-2024,13:00:00,15:00:00
953,7,2498,Training,26-07-2024,16:45:00,17:45:00
954,12,6159,Client Call,29-12-2024,11:00:00,12:00:00
955,8,8940,Presentation,27-12-2024,17:30:00,18:30:00
956,8,3521,Client Call,04-08-2024,12:30:00,15:30:00
957,1,4987,Training,15-05-2024,12:45:00,15:45:00
958,1,8541,Presentation,29-10-2024,13:45:00,15:45:00
959,6,1381,Brainstorming,18-04-2024,08:45:00,09:45:00
960,5,8221,Presentation,28-11-2024,11:45:00,13:45:00
961,1,3782,Brainstorming,11-05-2024,13:00:00,16:00:00
962,2,5499,Presentation,06-03-2024,16:45:00,18:45:00
963,6,2130,Training,31-12-2024,17:00:00,18:00:00
964,1,1422,Team Meeting,01-11-2024,14:45:00,17:45:00
965,4,1100,Training,04-06-2024,12:30:00,15:30:00
966,1,2030,Presentation,10-06-2024,17:15:00,18:15:00
967,12,7407,Training,27-01-2024,14:00:00,17:00:00
968,2,2802,Client Call,26-08-2024,09:00:00,10:00:00
969,9,1249,Training,16-04-2024,17:45:00,18:45:00
970,5,7025,Presentation,06-03-2024,16:00:00,18:00:00
971,5,4799,Team Meeting,13-02-2024,16:45:00,18:45:00
972,2,7826,Presentation,28-12-2024,09:30:00,10:30:00
973,7,8084,Client Call,02-11-2024,15:45:00,16:45:00
974,8,4860,Team Meeting,26-01-2024,11:00:00,13:00:00
975,12,5158,Interview,01-02-2024,12:00:00,13:00:00
976,10,7358,Team Meeting,06-11-2024,14:30:00,15:30:00
977,11,8699,Interview,03-11-2024,11:45:00,12:45:00
978,3,7170,Presentation,25-12-2024,09:00:00,11:00:00
979,9,6485,Brainstorming,20-01-2024,14:00:00,16:00:00
980,1,5875,Presentation,19-07-2024,15:15:00,17:15:00
981,6,6968,Interview,24-03-2024,17:30:00,18:30:00
982,10,5088,Team Meeting,08-06-2024,08:00:00,10:00:00
983,11,6587,Client Call,02-02-2024,10:00:00,13:00:00
984,11,8321,Interview,08-03-2024,14:45:00,15:45:00
985,2,3429,Training,14-08-2024,09:45:00,11:45:00
986,2,2867,Training,05-01-2025,09:00:00,10:00:00
987,5,4706,Training,16-03-2024,13:45:00,15:45:00
988,10,1719,Interview,17-03-2024,08:30:00,11:30:00
989,12,8219,Team Meeting,02-02-2024,08:00:00,10:00:00
990,11,5890,Team Meeting,23-11-2024,15:00:00,17:00:00
991,8,5919,Client Call,24-11-2024,15:45:00,17:45:00
992,4,2182,Team Meeting,06-11-2024,10:30:00,12:30:00
993,1,7629,Interview,16-04-2024,17:45:00,18:00:00
994,6,7277,Training,12-03-2024,11:15:00,14:15:00
995,8,3126,Brainstorming,05-10-2024,13:45:00,14:45:00
996,10,4120,Team Meeting,07-09-2024,13:30:00,15:30:00
997,6,8507,Presentation,30-06-2024,13:00:00,14:00:00
998,2,4374,Interview,01-11-2024,15:45:00,18:45:00
999,1,642,Interview,21-01-2024,16:30:00,18:30:00
1000,10,315,Brainstorming,22-05-2024,14:15:00,16:15:00
